State Abbreviation,State Name,Reporting Period,State Expanded Medicaid,Preliminary or Updated,Final Report,New Applications Submitted to Medicaid and CHIP Agencies,New Applications Submitted to Medicaid and CHIP Agencies - footnotes,Applications for Financial Assistance Submitted to the State Based Marketplace,Applications for Financial Assistance Submitted to the State Based Marketplace - footnotes,Total Applications for Financial Assistance Submitted at State Level,Total Applications for Financial Assistance Submitted at State Level - footnotes,Individuals Determined Eligible for Medicaid at Application,Individuals Determined Eligible for Medicaid at Application - footnotes,Individuals Determined Eligible for CHIP at Application,Individuals Determined Eligible for CHIP at Application - footnotes,Total Medicaid and CHIP Determinations,Total Medicaid and CHIP Determinations - footnotes,Medicaid and CHIP Child Enrollment,Medicaid and CHIP Child Enrollment - footnotes,Total Medicaid and CHIP Enrollment,Total Medicaid and CHIP Enrollment - footnotes,Total Medicaid Enrollment,Total Medicaid Enrollment - footnotes,Total CHIP Enrollment,Total CHIP Enrollment - footnotes,Total Adult Medicaid Enrollment,Total Adult Medicaid Enrollment - footnotes,Total Medicaid and CHIP Determinations Processed in Less than 24 Hours,Total Medicaid and CHIP Determinations Processed in Less than 24 Hours - footnotes,Total Medicaid and CHIP Determinations Processed Between 24 Hours and 7 Days,Total Medicaid and CHIP Determinations Processed Between 24 Hours and 7 Days - footnotes,Total Medicaid and CHIP Determinations Processed Between 8 Days and 30 Days,Total Medicaid and CHIP Determinations Processed Between 8 Days and 30 Days - footnotes,Total Medicaid and CHIP Determinations Processed between 31 days and 45 days,Total Medicaid and CHIP Determinations Processed between 31 days and 45 days - footnotes,Total Medicaid and CHIP Determinations Processed in More than 45 Days,Total Medicaid and CHIP Determinations Processed in More than 45 Days - footnotes,Total Call Center Volume (Number of Calls),Total Call Center Volume (Number of Calls) - footnotes,Average Call Center Wait Time (Minutes),Average Call Center Wait Time (Minutes) - footnotes,Average Call Center Abandonment Rate,Average Call Center Abandonment Rate - footnotes,Reporting Month,Final Priority,Unemployment Rate,Unemployment Rate Filled,Unemployment Rate Imputed,Enrollment YoY Change %
KS,Kansas,201706,N,U,Y,0.0,,0.0,,0.0,,0.0,,0.0,,0.0,,268658.0,,392222.0,,355263.0,,36959.0,,,,,,,,,,,,,,,,,,,,2017-06-01,1,3.6,3.6,False,
KS,Kansas,201707,N,U,Y,0.0,,0.0,,0.0,,0.0,,0.0,,0.0,,274618.0,,403231.0,,365846.0,,37385.0,,,,,,,,,,,,,,,,,,,,2017-07-01,1,3.6,3.6,False,
KS,Kansas,201708,N,U,Y,0.0,,0.0,,0.0,,0.0,,0.0,,0.0,,270418.0,,394141.0,,344662.0,,49479.0,,,,,,,,,,,,,,,,,,,,2017-08-01,1,3.6,3.6,False,
KS,Kansas,201709,N,U,Y,0.0,,0.0,,0.0,,0.0,,0.0,,0.0,,262193.0,,381853.0,,331697.0,,50156.0,,,,,,,,,,,,,,,,,,,,2017-09-01,1,3.6,3.6,False,
KS,Kansas,201710,N,U,Y,0.0,,0.0,,0.0,,0.0,,0.0,,0.0,,264525.0,,385603.0,,335764.0,,49839.0,,,,,,,,,,,,,,,,,,,,2017-10-01,1,3.5,3.5,False,
KS,Kansas,201711,N,U,Y,0.0,,0.0,,0.0,,0.0,,0.0,,0.0,,266742.0,,387500.0,,336972.0,,50528.0,,,,,,,,,,,,,,,,,,,,2017-11-01,1,3.5,3.5,False,
KS,Kansas,201712,N,U,Y,0.0,,0.0,,0.0,,0.0,,0.0,,0.0,,269068.0,,389441.0,,338264.0,,51177.0,,,,,,,,,,,,,,,,,,,,2017-12-01,1,3.5,3.5,False,
KS,Kansas,201801,N,U,Y,0.0,,0.0,,0.0,,0.0,,0.0,,0.0,,273532.0,,395922.0,,344294.0,,51628.0,,,,,,,,,,,,,,,,,,,,2018-01-01,1,3.4,3.4,False,
KS,Kansas,201802,N,U,Y,0.0,,0.0,,0.0,,0.0,,0.0,,0.0,,275926.0,,396699.0,,344353.0,,52346.0,,,,0.0,Unable to provide data due to system limitations,0.0,Unable to provide data due to system limitations,0.0,Unable to provide data due to system limitations,0.0,Unable to provide data due to system limitations,0.0,Unable to provide data due to system limitations,,,,,,,2018-02-01,1,3.4,3.4,False,
KS,Kansas,201803,N,U,Y,0.0,,0.0,,0.0,,0.0,,0.0,,0.0,,277377.0,,396745.0,,343546.0,,53199.0,,,,54.0,,1118.0,,3315.0,,511.0,,903.0,,,,,,,,2018-03-01,1,3.4,3.4,False,
KS,Kansas,201804,N,U,Y,0.0,,0.0,,0.0,,0.0,,0.0,,0.0,,274870.0,,393968.0,,340932.0,,53036.0,,,,57.0,,655.0,,2271.0,,587.0,,2975.0,,,,,,,,2018-04-01,1,3.4,3.4,False,
KS,Kansas,201805,N,U,Y,0.0,,0.0,,0.0,,0.0,,0.0,,0.0,,272094.0,,391161.0,,338408.0,,52753.0,,,,,,,,,,,,,,,,,,,,2018-05-01,1,3.3,3.3,False,
KS,Kansas,201806,N,U,Y,0.0,,0.0,,0.0,,0.0,,0.0,,0.0,,270904.0,,389737.0,,336921.0,,52816.0,,,,,,,,,,,,,,,,,,,,2018-06-01,1,3.3,3.3,False,-0.6335697640621918
KS,Kansas,201807,N,U,Y,0.0,,0.0,,0.0,,0.0,,0.0,,0.0,,268904.0,,386547.0,,333779.0,,52768.0,,,,,,,,,,,,,,,,,,,,2018-07-01,1,3.2,3.2,False,-4.137578707986245
KS,Kansas,201808,N,U,Y,0.0,,0.0,,0.0,,0.0,,0.0,,0.0,,267613.0,,384606.0,,331942.0,,52664.0,,,,,,,,,,,,,,,,,,,,2018-08-01,1,3.2,3.2,False,-2.4191850124701597
KS,Kansas,201809,N,U,Y,0.0,,0.0,,0.0,,0.0,,0.0,,0.0,,265890.0,,384737.0,,331938.0,,52799.0,,,,,,,,,,,,,,,,,,,,2018-09-01,1,3.2,3.2,False,0.7552644604075454
KS,Kansas,201810,N,U,Y,0.0,,0.0,,0.0,,0.0,,0.0,,0.0,,269713.0,,390123.0,,336419.0,,53704.0,,,,,,,,,,,,,,,,,,,,2018-10-01,1,3.3,3.3,False,1.1721900503886218
KS,Kansas,201811,N,U,Y,0.0,,0.0,,0.0,,0.0,,0.0,,0.0,,269883.0,,389662.0,,334859.0,,54803.0,,,,,,,,,,,,,,,,,,,,2018-11-01,1,3.3,3.3,False,0.5579354838709749
KS,Kansas,201812,N,U,Y,0.0,,0.0,,0.0,,0.0,,0.0,,0.0,,270256.0,,389535.0,,333884.0,,55651.0,,,,,,,,,,,,,,,,,,,,2018-12-01,1,3.3,3.3,False,0.02413716069957772
KS,Kansas,201901,N,U,Y,0.0,,0.0,,0.0,,0.0,,0.0,,0.0,,269536.0,,390420.0,,334248.0,,56172.0,,,,,,,,,,,,,,,,,,,,2019-01-01,1,3.3,3.3,False,-1.3896676618121773
KS,Kansas,201902,N,U,Y,0.0,,0.0,,0.0,,0.0,,0.0,,0.0,,264506.0,,380638.0,,324594.0,,56044.0,,,,100.0,,1319.0,,3065.0,,893.0,,418.0,,,,,,,,2019-02-01,1,3.3,3.3,False,-4.048661579686364
KS,Kansas,201903,N,U,Y,0.0,,0.0,,0.0,,0.0,,0.0,,0.0,,265720.0,,381525.0,,325130.0,,56395.0,,,,265.0,,909.0,,2959.0,,1278.0,,411.0,,,,,,,,2019-03-01,1,3.2,3.2,False,-3.8362172176082843
KS,Kansas,201904,N,U,Y,0.0,,0.0,,0.0,,0.0,,0.0,,0.0,,258436.0,,371638.0,,316462.0,,55176.0,,,,261.0,,1144.0,,3598.0,,1737.0,,711.0,,,,,,,,2019-04-01,1,3.2,3.2,False,-5.66797303334281
KS,Kansas,201905,N,U,Y,0.0,,0.0,,0.0,,0.0,,0.0,,0.0,,259128.0,,371887.0,,316672.0,,55215.0,,,,,,,,,,,,,,,,,,,,2019-05-01,1,3.1,3.1,False,-4.927382842359029
KS,Kansas,201906,N,U,Y,0.0,,0.0,,0.0,,0.0,,0.0,,0.0,,257688.0,,370030.0,,315096.0,,54934.0,,,,,,,,,,,,,,,,,,,,2019-06-01,1,3.1,3.1,False,-5.056486810336203
KS,Kansas,201907,N,U,Y,0.0,,0.0,,0.0,,0.0,,0.0,,0.0,,257871.0,,370250.0,,315102.0,,55148.0,,,,,,,,,,,,,,,,,,,,2019-07-01,1,3.1,3.1,False,-4.216046172910415
KS,Kansas,201908,N,U,Y,0.0,,0.0,,0.0,,0.0,,0.0,,0.0,,259898.0,,372977.0,,317370.0,,55607.0,,,,,,,,,,,,,,,,,,,,2019-08-01,1,3.1,3.1,False,-3.0236137761761372
KS,Kansas,201909,N,U,Y,0.0,,0.0,,0.0,,0.0,,0.0,,0.0,,258670.0,,373564.0,,317470.0,,56094.0,,,,,,,,,,,,,,,,,,,,2019-09-01,1,3.1,3.1,False,-2.9040617356791754
KS,Kansas,201910,N,U,Y,0.0,,0.0,,0.0,,0.0,,0.0,,0.0,,260439.0,,375504.0,,318223.0,,57281.0,,,,,,,,,,,,,,,,,,,,2019-10-01,1,3.1,3.1,False,-3.7472797040933203
KS,Kansas,201911,N,U,Y,0.0,,0.0,,0.0,,0.0,,0.0,,0.0,,260336.0,,374705.0,,317167.0,,57538.0,,,,,,,,,,,,,,,,,,,,2019-11-01,1,3.1,3.1,False,-3.8384548660120865
KS,Kansas,201912,N,U,Y,0.0,,0.0,,0.0,,0.0,,0.0,,0.0,,261537.0,,376289.0,,318232.0,,58057.0,,,,,,,,,,,,,,,,,,,,2019-12-01,1,3.1,3.1,False,-3.4004646565777175
KS,Kansas,202001,N,U,Y,0.0,,0.0,,0.0,,0.0,,0.0,,0.0,,262829.0,,377740.0,,319185.0,,58555.0,,,,,,,,,,,,,,,,,,,,2020-01-01,1,3.1,3.1,False,-3.2477844372726827
KS,Kansas,202002,N,U,Y,0.0,,0.0,,0.0,,0.0,,0.0,,0.0,,263184.0,,378292.0,,319127.0,,59165.0,,,,454.0,,3573.0,,5589.0,,991.0,,986.0,,,,,,,,2020-02-01,1,3.1,3.1,False,-0.6163336293276034
KS,Kansas,202003,N,U,Y,0.0,,0.0,,0.0,,0.0,,0.0,,0.0,,265261.0,,380750.0,,320482.0,,60268.0,,,,549.0,,4756.0,,3356.0,,538.0,,529.0,,,,,,,,2020-03-01,1,3.1,3.1,False,-0.20313216696153935
KS,Kansas,202004,N,U,Y,0.0,,0.0,,0.0,,0.0,,0.0,,0.0,,270855.0,,388818.0,,326691.0,,62127.0,,,,785.0,,5059.0,,2743.0,,274.0,,227.0,,,,,,,,2020-04-01,1,12.1,12.1,False,4.622778079744272
KS,Kansas,202005,N,U,Y,0.0,,0.0,,0.0,,0.0,,0.0,,0.0,,275451.0,,395563.0,,332420.0,,63143.0,,,,,,,,,,,,,,,,,,,,2020-05-01,1,9.2,9.2,False,6.366450023797543
KS,Kansas,202006,N,U,Y,0.0,,0.0,,0.0,,0.0,,0.0,,0.0,,279178.0,,401103.0,,337580.0,,63523.0,,,,,,,,,,,,,,,,,,,,2020-06-01,1,7.5,7.5,False,8.39742723562955
KS,Kansas,202007,N,U,Y,0.0,,0.0,,0.0,,0.0,,0.0,,0.0,,283083.0,,406698.0,,342993.0,,63705.0,,,,,,,,,,,,,,,,,,,,2020-07-01,1,6.7,6.7,False,9.844159351789328
KS,Kansas,202008,N,U,Y,0.0,,0.0,,0.0,,0.0,,0.0,,0.0,,286216.0,,411170.0,,347215.0,,63955.0,,,,,,,,,,,,,,,,,,,,2020-08-01,1,5.8,5.8,False,10.240041611144912
KS,Kansas,202009,N,U,Y,0.0,,0.0,,0.0,,0.0,,0.0,,0.0,,285703.0,,416862.0,,352431.0,,64431.0,,,,,,,,,,,,,,,,,,,,2020-09-01,1,5.4,5.4,False,11.590517287533064
KS,Kansas,202010,N,U,Y,0.0,,0.0,,0.0,,0.0,,0.0,,0.0,,289536.0,,422096.0,,357068.0,,65028.0,,,,,,,,,,,,,,,,,,,,2020-10-01,1,4.9,4.9,False,12.407857173292424
KS,Kansas,202011,N,U,Y,0.0,,0.0,,0.0,,0.0,,0.0,,0.0,,292543.0,,425646.0,,360312.0,,65334.0,,,,,,,,,,,,,,,,,,,,2020-11-01,1,4.6,4.6,False,13.594961369610758
KS,Kansas,202012,N,U,Y,0.0,,0.0,,0.0,,0.0,,0.0,,0.0,,295769.0,,429274.0,,363522.0,,65752.0,,,,,,,,,,,,,,,,,,,,2020-12-01,1,4.4,4.4,False,14.080932474773377
KS,Kansas,202101,N,U,Y,0.0,,0.0,,0.0,,0.0,,0.0,,0.0,,298174.0,,431651.0,,365543.0,,66108.0,,,,,,,,,,,,,,,,,,,,2021-01-01,1,4.1,4.1,False,14.271986022131621
KS,Kansas,202102,N,U,Y,0.0,,0.0,,0.0,,0.0,,0.0,,0.0,,301368.0,,435439.0,,369027.0,,66412.0,,,,662.0,,2959.0,,2520.0,,519.0,,161.0,,,,,,,,2021-02-01,1,3.9,3.9,False,15.106584331680285
KS,Kansas,202103,N,U,Y,0.0,,0.0,,0.0,,0.0,,0.0,,0.0,,304233.0,,439548.0,,372983.0,,66565.0,,,,1799.0,,3913.0,,1188.0,,78.0,,139.0,,,,,,,,2021-03-01,1,3.8,3.8,False,15.442678923177944
KS,Kansas,202104,N,U,Y,0.0,,0.0,,0.0,,0.0,,0.0,,0.0,,305896.0,,441628.0,,374943.0,,66685.0,,,,2516.0,,4456.0,,1112.0,,54.0,,148.0,,,,,,,,2021-04-01,1,3.7,3.7,False,13.582190124942773
KS,Kansas,202105,N,U,Y,0.0,,0.0,,0.0,,0.0,,0.0,,0.0,,307538.0,,443921.0,,377229.0,,66692.0,,,,,,,,,,,,,,,,,,,,2021-05-01,1,3.7,3.7,False,12.225106999390745
KS,Kansas,202106,N,U,Y,0.0,,0.0,,0.0,,0.0,,0.0,,0.0,,310284.0,,447856.0,,381020.0,,66836.0,,,,,,,,,,,,,,,,,,,,2021-06-01,1,3.7,3.7,False,11.65610828141399
KS,Kansas,202107,N,U,Y,0.0,,0.0,,0.0,,0.0,,0.0,,0.0,,312162.0,,450537.0,,383534.0,,67003.0,,,,,,,,,,,,,,,,,,,,2021-07-01,1,3.5,3.5,False,10.779251434725513
KS,Kansas,202108,N,U,Y,0.0,,0.0,,0.0,,0.0,,0.0,,0.0,,314113.0,,453729.0,,386717.0,,67012.0,,,,,,,,,,,,,,,,,,,,2021-08-01,1,3.4,3.4,False,10.35070652041734
KS,Kansas,202109,N,U,Y,0.0,,0.0,,0.0,,0.0,,0.0,,0.0,,301424.0,,458056.0,,390928.0,,67128.0,,,,,,,,,,,,,,,,,,,,2021-09-01,1,3.1,3.1,False,9.881927352457165
KS,Kansas,202110,N,U,Y,0.0,,0.0,,0.0,,0.0,,0.0,,0.0,,310975.0,,461025.0,,393836.0,,67189.0,,,,,,,,,,,,,,,,,,,,2021-10-01,1,2.9,2.9,False,9.222783442629169
KS,Kansas,202111,N,U,Y,0.0,,0.0,,0.0,,0.0,,0.0,,0.0,,312467.0,,463261.0,,396217.0,,67044.0,,,,,,,,,,,,,,,,,,,,2021-11-01,1,2.8,2.8,False,8.837155758541137
KS,Kansas,202112,N,U,Y,0.0,,0.0,,0.0,,0.0,,0.0,,0.0,,314897.0,,466682.0,,399487.0,,67195.0,,,,,,,,,,,,,,,,,,,,2021-12-01,1,2.6,2.6,False,8.714247776478423
KS,Kansas,202201,N,U,Y,0.0,,0.0,,0.0,,0.0,,0.0,,0.0,,314936.0,,466782.0,,399580.0,,67202.0,,,,1631.0,,3354.0,,4341.0,,581.0,,209.0,,,,,,,,2022-01-01,1,2.6,2.6,False,8.138750981695853
KS,Kansas,202202,N,U,Y,0.0,,0.0,,0.0,,0.0,,0.0,,0.0,,320478.0,,474267.0,,406670.0,,67597.0,,,,1643.0,,4199.0,,1886.0,,171.0,,214.0,,,,,,,,2022-02-01,1,2.6,2.6,False,8.91697803825564
KS,Kansas,202203,N,U,Y,0.0,,0.0,,0.0,,0.0,,0.0,,0.0,,323758.0,,481840.0,,414001.0,,67839.0,,,,2273.0,,3704.0,,1331.0,,82.0,,198.0,,,,,,,,2022-03-01,1,2.6,2.6,False,9.621702294174916
KS,Kansas,202204,N,U,Y,0.0,,0.0,,0.0,,0.0,,0.0,,0.0,,324501.0,,483045.0,,415740.0,,67305.0,,,,1989.0,,3033.0,,1088.0,,53.0,,183.0,,,,,,,,2022-04-01,1,2.6,2.6,False,9.378255001947334
KS,Kansas,202205,N,U,Y,0.0,,0.0,,0.0,,0.0,,0.0,,0.0,,326235.0,,485455.0,,417985.0,,67470.0,,,,1645.0,,3082.0,,1161.0,,70.0,,170.0,,,,,,,,2022-05-01,1,2.7,2.7,False,9.35616922830864
KS,Kansas,202206,N,U,Y,0.0,,0.0,,0.0,,0.0,,0.0,,0.0,,328479.0,,488591.0,,421032.0,,67559.0,,,,1673.0,,3740.0,,1401.0,,72.0,,187.0,,,,,,,,2022-06-01,1,2.7,2.7,False,9.095557500625207
KS,Kansas,202207,N,U,Y,0.0,,0.0,,0.0,,0.0,,0.0,,0.0,,330930.0,,491952.0,,424268.0,,67684.0,,,,1620.0,,3502.0,,1359.0,,79.0,,188.0,,,,,,,,2022-07-01,1,2.8,2.8,False,9.192363779223456
KS,Kansas,202208,N,U,Y,0.0,,0.0,,0.0,,0.0,,0.0,,0.0,,332996.0,,494766.0,,427029.0,,67737.0,,,,1969.0,,4526.0,,1745.0,,103.0,,240.0,,,,,,,,2022-08-01,1,2.9,2.9,False,9.044385525280507
KS,Kansas,202209,N,U,Y,0.0,,0.0,,0.0,,0.0,,0.0,,0.0,,335006.0,,496902.0,,429091.0,,67811.0,,,,1604.0,,3756.0,,1488.0,,121.0,,183.0,,,,,,,,2022-09-01,1,2.9,2.9,False,8.48062245664285
KS,Kansas,202210,N,U,Y,0.0,,0.0,,0.0,,0.0,,0.0,,0.0,,335941.0,,500169.0,,432362.0,,67807.0,,,,1712.0,,3520.0,,1445.0,,102.0,,207.0,,,,,,,,2022-10-01,1,3.0,3.0,False,8.4906458435009
KS,Kansas,202211,N,U,Y,0.0,,0.0,,0.0,,0.0,,0.0,,0.0,,337061.0,,502956.0,,434843.0,,68113.0,,,,1562.0,,5205.0,,2098.0,,66.0,,173.0,,,,,,,,2022-11-01,1,3.0,3.0,False,8.568603875569059
KS,Kansas,202212,N,U,Y,0.0,,0.0,,0.0,,0.0,,0.0,,0.0,,338297.0,,506168.0,,437627.0,,68541.0,,,,1289.0,,4600.0,,4104.0,,195.0,,814.0,,,,,,,,2022-12-01,1,3.0,3.0,False,8.46100770974667
KS,Kansas,202301,N,U,Y,0.0,,0.0,,0.0,,0.0,,0.0,,0.0,,337210.0,,503270.0,,434716.0,,68554.0,,,,1735.0,,4319.0,,3667.0,,594.0,,367.0,,,,,,,,2023-01-01,1,3.0,3.0,False,7.816925245617878
KS,Kansas,202302,N,U,Y,0.0,,0.0,,0.0,,0.0,,0.0,,0.0,,339020.0,,509665.0,,441226.0,,68439.0,,,,1905.0,,3245.0,,1947.0,,260.0,,386.0,,,,,,,,2023-02-01,1,3.0,3.0,False,7.4637282374696134
KS,Kansas,202303,N,U,Y,0.0,,0.0,,0.0,,0.0,,0.0,,0.0,,336873.0,,510806.0,,442442.0,,68364.0,,,,1972.0,,3884.0,,1540.0,,90.0,,291.0,,20542.0,Does not include all calls received after business hours,0.0,Call centers offer callbacks; Does not include all calls received after business hours,0.003,Does not include all calls received after business hours,2023-03-01,1,2.9,2.9,False,6.0115391001162255
KS,Kansas,202304,N,U,Y,0.0,,0.0,,0.0,,0.0,,0.0,,0.0,,337975.0,,512005.0,,443940.0,,68065.0,,,,1069.0,,3069.0,,1435.0,,75.0,,614.0,,38349.0,Does not include all calls received after business hours,13.0,Call centers offer callbacks; Does not include all calls received after business hours; Includes only calls transferred to a live agent,0.298,Does not include all calls received after business hours,2023-04-01,1,2.9,2.9,False,5.995300644867463
KS,Kansas,202305,N,U,Y,13366.0,Includes Renewals and/or Redeterminations; Includes Duplicates,0.0,,13366.0,Includes Renewals and/or Redeterminations; Includes Duplicates,0.0,,0.0,,0.0,,317745.0,,484061.0,,421124.0,,62937.0,,,,1334.0,,1986.0,,3056.0,,453.0,,870.0,,42135.0,Does not include all calls received after business hours,23.0,Call centers offer callbacks; Does not include all calls received after business hours; Includes only calls transferred to a live agent,0.324,Does not include all calls received after business hours,2023-05-01,1,2.8,2.8,False,-0.2871532891823181
KS,Kansas,202306,N,U,Y,13369.0,Includes Renewals and/or Redeterminations; Includes Duplicates,0.0,,13369.0,Includes Renewals and/or Redeterminations; Includes Duplicates,0.0,,0.0,,0.0,,318973.0,,485006.0,,420467.0,,64539.0,,,,1350.0,,1643.0,,2538.0,,1955.0,,1540.0,,38100.0,Does not include all calls received after business hours,13.0,Call centers offer callbacks; Does not include all calls received after business hours; Includes only calls transferred to a live agent,0.201,Does not include all calls received after business hours,2023-06-01,1,2.8,2.8,False,-0.7337425372141548
KS,Kansas,202307,N,U,Y,14056.0,Includes Renewals and/or Redeterminations; Includes Duplicates,0.0,,14056.0,Includes Renewals and/or Redeterminations; Includes Duplicates,0.0,,0.0,,0.0,,313225.0,,474225.0,,408697.0,,65528.0,,,,1327.0,,1049.0,,2842.0,,812.0,,2748.0,,37195.0,Does not include all calls received after business hours,11.0,Call centers offer callbacks; Does not include all calls received after business hours; Includes only calls transferred to a live agent,0.167,Does not include all calls received after business hours,2023-07-01,1,2.8,2.8,False,-3.603400331739681
KS,Kansas,202308,N,U,Y,16167.0,Includes Renewals and/or Redeterminations; Includes Duplicates,0.0,,16167.0,Includes Renewals and/or Redeterminations; Includes Duplicates,0.0,,0.0,,0.0,,308283.0,,468449.0,,407230.0,,61219.0,,,,1710.0,,1318.0,,3042.0,,2046.0,,4632.0,,37345.0,Does not include all calls received after business hours,2.0,Call centers offer callbacks; Does not include all calls received after business hours; Includes only calls transferred to a live agent,0.033,Does not include all calls received after business hours,2023-08-01,1,2.8,2.8,False,-5.319080130809317
KS,Kansas,202309,N,U,Y,14337.0,Includes Renewals and/or Redeterminations; Includes Duplicates,0.0,,14337.0,Includes Renewals and/or Redeterminations; Includes Duplicates,0.0,,0.0,,0.0,,314177.0,,493565.0,,425754.0,,67811.0,,,,1285.0,,1043.0,,2704.0,,3388.0,,3614.0,,31299.0,Does not include all calls received after business hours,1.0,Call centers offer callbacks; Does not include all calls received after business hours; Includes only calls transferred to a live agent,0.012,Does not include all calls received after business hours,2023-09-01,1,2.9,2.9,False,-0.6715609919058507
KS,Kansas,202310,N,U,Y,15062.0,Includes Renewals and/or Redeterminations; Includes Duplicates,0.0,,15062.0,Includes Renewals and/or Redeterminations; Includes Duplicates,0.0,,0.0,,0.0,,318756.0,,482699.0,,403941.0,,78758.0,,,,1654.0,,2019.0,,3099.0,,4033.0,,2963.0,,34686.0,Does not include all calls received after business hours,1.0,Call centers offer callbacks; Does not include all calls received after business hours; Includes only calls transferred to a live agent,0.019,Does not include all calls received after business hours,2023-10-01,1,2.9,2.9,False,-3.4928194270336665
KS,Kansas,202311,N,U,Y,14951.0,Includes Renewals and/or Redeterminations; Includes Duplicates,0.0,,14951.0,Includes Renewals and/or Redeterminations; Includes Duplicates,552.0,,352.0,,904.0,,299526.0,,458140.0,,392054.0,,66086.0,,,,1621.0,,2476.0,,3737.0,,2903.0,,3481.0,,35006.0,Does not include all calls received after business hours,5.0,Call centers offer callbacks; Does not include all calls received after business hours; Includes only calls transferred to a live agent,0.093,Does not include all calls received after business hours,2023-11-01,1,2.9,2.9,False,-8.910520999848892
KS,Kansas,202312,N,U,Y,13815.0,Includes Renewals and/or Redeterminations; Includes Duplicates,0.0,,13815.0,Includes Renewals and/or Redeterminations; Includes Duplicates,347.0,,248.0,,595.0,,290204.0,,443019.0,,378188.0,,64831.0,,,,1617.0,,1690.0,,4761.0,,2804.0,,1873.0,,32436.0,Does not include all calls received after business hours,1.0,Call centers offer callbacks; Does not include all calls received after business hours; Includes only calls transferred to a live agent,0.019,Does not include all calls received after business hours,2023-12-01,1,3.0,3.0,False,-12.475897330530572
KS,Kansas,202401,N,U,Y,17465.0,Includes Renewals and/or Redeterminations; Includes Duplicates,0.0,,17465.0,Includes Renewals and/or Redeterminations; Includes Duplicates,426.0,,341.0,,767.0,,290283.0,,441193.0,,374875.0,,66318.0,,,,1873.0,,2599.0,,3350.0,,3830.0,,4224.0,,37283.0,Does not include all calls received after business hours,2.0,Call centers offer callbacks; Does not include all calls received after business hours; Includes only calls transferred to a live agent,0.032,Does not include all calls received after business hours,2024-01-01,1,3.1,3.1,False,-12.334730860174458
KS,Kansas,202402,N,U,Y,15161.0,Includes Renewals and/or Redeterminations; Includes Duplicates,0.0,,15161.0,Includes Renewals and/or Redeterminations; Includes Duplicates,417.0,,368.0,,785.0,,291960.0,,441636.0,,373382.0,,68254.0,,,,2357.0,,2948.0,,4127.0,,2648.0,,3823.0,,33265.0,Does not include all calls received after business hours,0.0,Call centers offer callbacks; Does not include all calls received after business hours; Includes only calls transferred to a live agent,0.01,Does not include all calls received after business hours,2024-02-01,1,3.1,3.1,False,-13.347787272031631
KS,Kansas,202403,N,U,Y,14581.0,Includes Renewals and/or Redeterminations; Includes Duplicates,0.0,,14581.0,Includes Renewals and/or Redeterminations; Includes Duplicates,451.0,,288.0,,739.0,,291268.0,,439021.0,,369715.0,,69306.0,,,,2582.0,,2263.0,,4850.0,,1164.0,,1722.0,,31128.0,Does not include all calls received after business hours,0.0,Call centers offer callbacks; Does not include all calls received after business hours; Includes only calls transferred to a live agent,0.004,Does not include all calls received after business hours,2024-03-01,1,3.3,3.3,False,-14.053280501795207
KS,Kansas,202404,N,U,Y,15240.0,Includes Renewals and/or Redeterminations; Includes Duplicates,0.0,,15240.0,Includes Renewals and/or Redeterminations; Includes Duplicates,536.0,,302.0,,838.0,,291767.0,,437554.0,,367434.0,,70120.0,,,,2217.0,,2159.0,,4380.0,,1237.0,,1174.0,,34681.0,Does not include all calls received after business hours,0.0,Call centers offer callbacks; Does not include all calls received after business hours; Includes only calls transferred to a live agent,0.005,Does not include all calls received after business hours,2024-04-01,1,3.4,3.4,False,-14.54106893487368
KS,Kansas,202405,N,U,Y,14825.0,Includes Renewals and/or Redeterminations; Includes Duplicates,0.0,,14825.0,Includes Renewals and/or Redeterminations; Includes Duplicates,403.0,,255.0,,658.0,,289159.0,,431115.0,,359780.0,,71335.0,,,,2213.0,,2099.0,,3138.0,,2578.0,,1355.0,,34558.0,Does not include all calls received after business hours,0.0,Call centers offer callbacks; Does not include all calls received after business hours; Includes only calls transferred to a live agent,0.005,Does not include all calls received after business hours,2024-05-01,1,3.5,3.5,False,-10.937877664178686
KS,Kansas,202406,N,U,Y,13147.0,Includes Renewals and/or Redeterminations; Includes Duplicates,0.0,,13147.0,Includes Renewals and/or Redeterminations; Includes Duplicates,412.0,,282.0,,694.0,,283773.0,,408480.0,,335509.0,,72971.0,,,,2176.0,,2563.0,,3040.0,,3507.0,,1867.0,,29380.0,Does not include all calls received after business hours,0.0,Call centers offer callbacks; Does not include all calls received after business hours; Includes only calls transferred to a live agent,0.003,Does not include all calls received after business hours,2024-06-01,1,3.6,3.6,False,-15.778361504806126
KS,Kansas,202407,N,U,Y,14999.0,Includes Renewals and/or Redeterminations; Includes Duplicates,0.0,,14999.0,Includes Renewals and/or Redeterminations; Includes Duplicates,405.0,,333.0,,738.0,,283151.0,,418395.0,,343922.0,,74473.0,,135244.0,,2315.0,,3370.0,,4372.0,,1961.0,,1350.0,,36913.0,Does not include all calls received after business hours,0.0,Call centers offer callbacks; Does not include all calls received after business hours; Includes only calls transferred to a live agent,0.014,Does not include all calls received after business hours,2024-07-01,1,3.6,3.6,False,-11.772892614265384
KS,Kansas,202408,N,U,Y,15533.0,Includes Renewals and/or Redeterminations; Includes Duplicates,0.0,,15533.0,Includes Renewals and/or Redeterminations; Includes Duplicates,524.0,,377.0,,901.0,,285476.0,,418804.0,,343046.0,,75758.0,,133328.0,,2896.0,,3780.0,,5743.0,,661.0,,1127.0,,30276.0,Does not include all calls received after business hours,0.0,Call centers offer callbacks; Does not include all calls received after business hours; Includes only calls transferred to a live agent,0.015,Does not include all calls received after business hours,2024-08-01,1,3.7,3.7,False,-10.597738494478593
KS,Kansas,202409,N,U,Y,14110.0,Includes Renewals and/or Redeterminations; Includes Duplicates,0.0,,14110.0,Includes Renewals and/or Redeterminations; Includes Duplicates,514.0,,301.0,,815.0,,285014.0,,417059.0,,341137.0,,75922.0,,132045.0,,2534.0,,4090.0,,3837.0,,394.0,,644.0,,38016.0,Does not include all calls received after business hours,0.0,Call centers offer callbacks; Does not include all calls received after business hours; Includes only calls transferred to a live agent,0.013,Does not include all calls received after business hours,2024-09-01,1,3.7,3.7,False,-15.500693930890563
KS,Kansas,202410,N,U,Y,15155.0,Includes Renewals and/or Redeterminations; Includes Duplicates,0.0,,15155.0,Includes Renewals and/or Redeterminations; Includes Duplicates,587.0,,285.0,,872.0,,284158.0,,418522.0,,342021.0,,76501.0,,134364.0,,2098.0,,5802.0,,2523.0,,305.0,,240.0,,37998.0,Does not include all calls received after business hours,0.0,Call centers offer callbacks; Does not include all calls received after business hours; Includes only calls transferred to a live agent,0.02,Does not include all calls received after business hours,2024-10-01,1,3.7,3.7,False,-13.2954491308248
KS,Kansas,202411,N,U,Y,12607.0,Includes Renewals and/or Redeterminations; Includes Duplicates,0.0,,12607.0,Includes Renewals and/or Redeterminations; Includes Duplicates,405.0,,356.0,,761.0,,285590.0,,412106.0,,335093.0,,77013.0,,133653.0,,2147.0,,6070.0,,2591.0,,246.0,,584.0,,31415.0,Does not include all calls received after business hours,0.0,Call centers offer callbacks; Does not include all calls received after business hours; Includes only calls transferred to a live agent,0.016,Does not include all calls received after business hours,2024-11-01,1,3.7,3.7,False,-10.048020255817002
KS,Kansas,202412,N,U,Y,12533.0,Includes Renewals and/or Redeterminations; Includes Duplicates,0.0,,12533.0,Includes Renewals and/or Redeterminations; Includes Duplicates,416.0,,354.0,,770.0,,287160.0,,413111.0,,335902.0,,77209.0,,133665.0,,1788.0,,6394.0,,4600.0,,348.0,,529.0,,42207.0,Does not include all calls received after business hours,0.0,Call centers offer callbacks; Does not include all calls received after business hours; Includes only calls transferred to a live agent,0.009,Does not include all calls received after business hours,2024-12-01,1,3.8,3.8,False,-6.7509519907724025
KS,Kansas,202501,N,U,Y,14827.0,Includes Renewals and/or Redeterminations; Includes Duplicates,0.0,,14827.0,Includes Renewals and/or Redeterminations; Includes Duplicates,477.0,,312.0,,789.0,,288126.0,,421437.0,,344329.0,,77108.0,,133311.0,,1818.0,,3922.0,,4847.0,,802.0,,606.0,,37806.0,Does not include all calls received after business hours,0.0,Call centers offer callbacks; Does not include all calls received after business hours; Includes only calls transferred to a live agent,0.191,Does not include all calls received after business hours,2025-01-01,1,3.8,3.8,False,-4.477858896220022
KS,Kansas,202502,N,U,Y,11866.0,Includes Renewals and/or Redeterminations; Includes Duplicates,0.0,,11866.0,Includes Renewals and/or Redeterminations; Includes Duplicates,466.0,,200.0,,666.0,,288922.0,,421493.0,,344365.0,,77128.0,,132571.0,,2058.0,,5264.0,,2485.0,,292.0,,776.0,,31442.0,Does not include all calls received after business hours,0.0,Call centers offer callbacks; Does not include all calls received after business hours; Includes only calls transferred to a live agent,0.003,Does not include all calls received after business hours,2025-02-01,1,3.8,3.8,False,-4.560995933302536
KS,Kansas,202503,N,U,Y,12799.0,Includes Renewals and/or Redeterminations; Includes Duplicates,0.0,,12799.0,Includes Renewals and/or Redeterminations; Includes Duplicates,505.0,,185.0,,690.0,,288514.0,,420083.0,,343671.0,,76412.0,,131569.0,,2044.0,,4747.0,,1592.0,,127.0,,503.0,,35217.0,Does not include all calls received after business hours,0.0,Call centers offer callbacks; Does not include all calls received after business hours; Includes only calls transferred to a live agent,0.004,Does not include all calls received after business hours,2025-03-01,1,3.8,3.8,False,-4.313688866819588
KS,Kansas,202504,N,U,Y,12783.0,Includes Renewals and/or Redeterminations; Includes Duplicates,0.0,,12783.0,Includes Renewals and/or Redeterminations; Includes Duplicates,471.0,,155.0,,626.0,,288944.0,,419648.0,,343628.0,,76020.0,,130704.0,,2026.0,,4077.0,,2929.0,,184.0,,535.0,,37994.0,Does not include all calls received after business hours,0.0,Call centers offer callbacks; Does not include all calls received after business hours; Includes only calls transferred to a live agent,0.003,Does not include all calls received after business hours,2025-04-01,1,3.8,3.8,False,-4.092294893887383
KS,Kansas,202505,N,U,Y,12437.0,Includes Renewals and/or Redeterminations; Includes Duplicates,0.0,,12437.0,Includes Renewals and/or Redeterminations; Includes Duplicates,442.0,,170.0,,612.0,,285953.0,,414728.0,,339887.0,,74841.0,,128775.0,,2219.0,,3289.0,,3180.0,,201.0,,525.0,,33213.0,Does not include all calls received after business hours,0.0,Call centers offer callbacks; Does not include all calls received after business hours; Includes only calls transferred to a live agent,0.003,Does not include all calls received after business hours,2025-05-01,1,3.8,3.8,False,-3.8010739593843823
KS,Kansas,202506,N,U,Y,12317.0,Includes Renewals and/or Redeterminations; Includes Duplicates,0.0,,12317.0,Includes Renewals and/or Redeterminations; Includes Duplicates,618.0,,231.0,,849.0,,285332.0,,413232.0,,339002.0,,74230.0,,127900.0,,1849.0,,3199.0,,3864.0,,420.0,,648.0,,33316.0,Does not include all calls received after business hours,0.0,Call centers offer callbacks; Does not include all calls received after business hours; Includes only calls transferred to a live agent,0.008,Does not include all calls received after business hours,2025-06-01,1,3.7,3.7,False,1.1633372502937611
KS,Kansas,202507,N,U,Y,13601.0,Includes Renewals and/or Redeterminations; Includes Duplicates,0.0,,13601.0,Includes Renewals and/or Redeterminations; Includes Duplicates,520.0,,256.0,,776.0,,283749.0,,410031.0,,336575.0,,73456.0,,126282.0,,2092.0,,3688.0,,3798.0,,276.0,,529.0,,35824.0,Does not include all calls received after business hours,0.0,Call centers offer callbacks; Does not include all calls received after business hours; Includes only calls transferred to a live agent,0.002,Does not include all calls received after business hours,2025-07-01,1,3.7,3.7,False,-1.999067866489801
KS,Kansas,202508,N,U,Y,13543.0,Includes Renewals and/or Redeterminations; Includes Duplicates,0.0,,13543.0,Includes Renewals and/or Redeterminations; Includes Duplicates,548.0,,353.0,,901.0,,284167.0,,401051.0,,327782.0,,73269.0,,125586.0,,2196.0,,3740.0,,4216.0,,297.0,,439.0,,33172.0,Does not include all calls received after business hours,0.0,Call centers offer callbacks; Does not include all calls received after business hours; Includes only calls transferred to a live agent,0.006,Does not include all calls received after business hours,2025-08-01,1,3.7,3.7,False,-4.238975749992835
KS,Kansas,202509,N,U,Y,13222.0,Includes Renewals and/or Redeterminations; Includes Duplicates,0.0,,13222.0,Includes Renewals and/or Redeterminations; Includes Duplicates,501.0,,268.0,,769.0,,282955.0,,407696.0,,334795.0,,72901.0,,124741.0,,2015.0,,3523.0,,4152.0,,324.0,,419.0,,32413.0,Does not include all calls received after business hours,0.0,Call centers offer callbacks; Does not include all calls received after business hours; Includes only calls transferred to a live agent,0.003,Does not include all calls received after business hours,2025-09-01,1,3.8,3.8,False,-2.2450061022541212
KS,Kansas,202510,N,U,Y,13483.0,Includes Renewals and/or Redeterminations; Includes Duplicates,0.0,,13483.0,Includes Renewals and/or Redeterminations; Includes Duplicates,428.0,,282.0,,710.0,,281289.0,,408796.0,,335844.0,,72952.0,,127507.0,,2071.0,,3812.0,,3964.0,,257.0,,485.0,,32456.0,Does not include all calls received after business hours,0.0,Call centers offer callbacks; Does not include all calls received after business hours; Includes only calls transferred to a live agent,0.002,Does not include all calls received after business hours,2025-10-01,1,,3.8,True,-2.3238921729323625
KS,Kansas,202511,N,U,Y,11135.0,Includes Renewals and/or Redeterminations; Includes Duplicates,0.0,,11135.0,Includes Renewals and/or Redeterminations; Includes Duplicates,347.0,,286.0,,633.0,,280718.0,,407753.0,,335135.0,,72618.0,,127035.0,,1624.0,,3132.0,,4422.0,,222.0,,399.0,,23536.0,Does not include all calls received after business hours,0.0,Call centers offer callbacks; Does not include all calls received after business hours; Includes only calls transferred to a live agent,0.005,Does not include all calls received after business hours,2025-11-01,1,3.8,3.8,False,-1.0562816362780447
KS,Kansas,202512,N,U,Y,13460.0,Includes Renewals and/or Redeterminations; Includes Duplicates,0.0,,13460.0,Includes Renewals and/or Redeterminations; Includes Duplicates,339.0,,406.0,,745.0,,279941.0,,406032.0,,333442.0,,72590.0,,126091.0,,1787.0,,3175.0,,7120.0,,552.0,,499.0,,31197.0,Does not include all calls received after business hours,0.0,Call centers offer callbacks; Does not include all calls received after business hours; Includes only calls transferred to a live agent,0.002,Does not include all calls received after business hours,2025-12-01,1,3.8,3.8,False,-1.7135830321632683
KS,Kansas,202601,N,U,Y,15187.0,Includes Renewals and/or Redeterminations; Includes Duplicates,0.0,,15187.0,Includes Renewals and/or Redeterminations; Includes Duplicates,370.0,,454.0,,824.0,,280304.0,,405981.0,,333178.0,,72803.0,,125677.0,,1942.0,,3705.0,,6535.0,,1593.0,,763.0,,30367.0,Does not include all calls received after business hours,0.0,Call centers offer callbacks; Does not include all calls received after business hours; Includes only calls transferred to a live agent,0.003,Does not include all calls received after business hours,2026-01-01,1,3.9,3.9,False,-3.6674520746873163
KS,Kansas,202602,N,U,Y,13068.0,Includes Renewals and/or Redeterminations; Includes Duplicates,0.0,,13068.0,Includes Renewals and/or Redeterminations; Includes Duplicates,392.0,,321.0,,713.0,,277749.0,,401003.0,,328763.0,,72240.0,,123254.0,,1862.0,,4047.0,,4720.0,,307.0,,605.0,,32022.0,Does not include all calls received after business hours,0.0,Call centers offer callbacks; Does not include all calls received after business hours; Includes only calls transferred to a live agent,0.003,Does not include all calls received after business hours,2026-02-01,1,3.9,3.9,False,-4.861290697591658
KS,Kansas,202603,N,U,Y,14167.0,Includes Renewals and/or Redeterminations; Includes Duplicates,0.0,,14167.0,Includes Renewals and/or Redeterminations; Includes Duplicates,420.0,,331.0,,751.0,,275752.0,,396786.0,,324822.0,,71964.0,,121034.0,,2034.0,,4951.0,,3595.0,,273.0,,554.0,,34388.0,Does not include all calls received after business hours,0.0,Call centers offer callbacks; Does not include all calls received after business hours; Includes only calls transferred to a live agent,0.002,Does not include all calls received after business hours,2026-03-01,1,3.9,3.9,False,-5.545808804450547
KS,Kansas,202604,N,U,Y,13211.0,Includes Renewals and/or Redeterminations; Includes Duplicates,0.0,,13211.0,Includes Renewals and/or Redeterminations; Includes Duplicates,439.0,,235.0,,674.0,,274831.0,,395702.0,,324870.0,,70832.0,,120871.0,,2169.0,,4769.0,,3219.0,,249.0,,498.0,,31752.0,Does not include all calls received after business hours,0.0,Call centers offer callbacks; Does not include all calls received after business hours; Includes only calls transferred to a live agent,0.001,Does not include all calls received after business hours,2026-04-01,1,3.9,3.9,False,-5.706210919627875
KS,Kansas,202605,N,U,Y,11421.0,Includes Renewals and/or Redeterminations; Includes Duplicates,0.0,,11421.0,Includes Renewals and/or Redeterminations; Includes Duplicates,426.0,,217.0,,643.0,,274957.0,,395191.0,,323737.0,,71454.0,,120234.0,,2011.0,,3915.0,,2473.0,,226.0,,383.0,,26592.0,Does not include all calls received after business hours,0.0,Call centers offer callbacks; Does not include all calls received after business hours; Includes only calls transferred to a live agent,0.004,Does not include all calls received after business hours,2026-05-01,1,3.8,3.8,False,-4.710798402808591
KS,Kansas,202606,N,P,N,13202.0,Includes Renewals and/or Redeterminations; Includes Duplicates,0.0,,13202.0,Includes Renewals and/or Redeterminations; Includes Duplicates,485.0,,237.0,,722.0,,273865.0,,393912.0,,323066.0,,70846.0,,120047.0,,2141.0,,4586.0,,2681.0,,191.0,,433.0,,29007.0,Does not include all calls received after business hours,0.0,Call centers offer callbacks; Does not include all calls received after business hours; Includes only calls transferred to a live agent,0.004,Does not include all calls received after business hours,2026-06-01,0,3.8,3.8,False,-4.675339760715536
